filename,category,SUNfolder,num,hitRate,human,animal,sceneCat,isOdd,memo,set
sun_aekkynucosyodgdj.jpg,badlands,users/antonio/static_sun_database/b/badlands,148,0.916666666666667,n,n,o,no,high,1
sun_auabjyowhptjcuzi.jpg,badlands,users/antonio/static_sun_database/b/badlands,681,0.859375,n,n,o,no,high,2
sun_bhkilidhnuzrfdoc.jpg,badlands,users/antonio/static_sun_database/b/badlands,1162,0.804878048780488,n,n,o,no,high,1
sun_bnjgpcrfxqawdfjf.jpg,badlands,users/antonio/static_sun_database/b/badlands,1358,0.777777777777778,n,n,o,no,high,2
sun_bjrxopjiakyihdqo.jpg,badlands,users/antonio/static_sun_database/b/badlands,1237,0.764705882352941,n,n,o,no,high,1
sun_bvrjcpxylxoyalpu.jpg,badlands,users/antonio/static_sun_database/b/badlands,1604,0.764705882352941,n,n,o,no,high,2
sun_bvrzfxxxhinynrcp.jpg,badlands,users/antonio/static_sun_database/b/badlands,1605,0.761904761904762,n,n,o,no,high,1
sun_bbfvixdygbpxvyko.jpg,badlands,users/antonio/static_sun_database/b/badlands,935,0.753246753246753,n,n,o,no,high,2
sun_bovpnolhvmqpdgib.jpg,badlands,users/antonio/static_sun_database/b/badlands,1392,0.716049382716049,n,n,o,no,medium,1
sun_bhribroenyyculkx.jpg,badlands,users/antonio/static_sun_database/b/badlands,1175,0.569444444444444,n,n,o,no,medium,2
sun_bhtzlfresphagrgm.jpg,badlands,users/antonio/static_sun_database/b/badlands,1176,0.546875,n,n,o,no,medium,1
sun_aosvqijvmwznjrsh.jpg,badlands,users/antonio/static_sun_database/b/badlands,493,0.571428571428571,n,n,o,no,medium,2
sun_byapwpssjeemastl.jpg,badlands,users/antonio/static_sun_database/b/badlands,1684,0.630769230769231,n,n,o,no,medium,1
sun_brcspjayfcolnxbc.jpg,badlands,users/antonio/static_sun_database/b/badlands,1464,0.584615384615385,n,n,o,no,medium,2
sun_bcsilmmjzqbejnxh.jpg,badlands,users/antonio/static_sun_database/b/badlands,991,0.6,n,n,o,no,medium,1
sun_bfmhmrfewqpojtbj.jpg,badlands,users/antonio/static_sun_database/b/badlands,1083,0.6,n,n,o,no,medium,2
sun_bpzavdyipbuhavud.jpg,badlands,users/antonio/static_sun_database/b/badlands,1431,0.473684210526316,n,n,o,no,low,1
sun_bgbulbzhfqurfrcs.jpg,badlands,users/antonio/static_sun_database/b/badlands,1108,0.469135802469136,n,n,o,no,low,2
sun_bljyguxxfiakvvcz.jpg,badlands,users/antonio/static_sun_database/b/badlands,1290,0.449438202247191,n,n,o,no,low,1
sun_biqmabkmyhrrasmc.jpg,badlands,users/antonio/static_sun_database/b/badlands,1204,0.415584415584416,n,n,o,no,low,2
sun_beyqkdhbapysbwbv.jpg,badlands,users/antonio/static_sun_database/b/badlands,1065,0.396825396825397,n,n,o,no,low,1
sun_bumqfbcpqksfbges.jpg,badlands,users/antonio/static_sun_database/b/badlands,1572,0.376470588235294,n,n,o,no,low,2
sun_bmoouvnnsnxypsla.jpg,badlands,users/antonio/static_sun_database/b/badlands,1331,0.309859154929577,n,n,o,no,low,1
sun_bzlmupmmiqdoxiio.jpg,badlands,users/antonio/static_sun_database/b/badlands,1723,0.294871794871795,n,n,o,no,low,2
sun_avtahuiszkfjiiur.jpg,bathroom,users/antonio/static_sun_database/b/bathroom,754,0.935897435897436,n,n,i,no,high,1
sun_artalhcbmrikklqg.jpg,bathroom,users/antonio/static_sun_database/b/bathroom,603,0.914285714285714,n,n,i,no,high,2
sun_aafpallawmjtlxbq.jpg,bathroom,users/antonio/static_sun_database/b/bathroom,3,0.894736842105263,n,n,i,no,high,1
sun_aggucxlyjihcojwu.jpg,bathroom,users/antonio/static_sun_database/b/bathroom,204,0.882352941176471,n,n,i,no,high,2
sun_aqueioaunpjlizgk.jpg,bathroom,users/antonio/static_sun_database/b/bathroom,564,0.875,n,n,i,no,high,1
sun_asuudekbluwjwevp.jpg,bathroom,users/antonio/static_sun_database/b/bathroom,641,0.875,n,n,i,no,high,2
sun_afiowqpldpdkuwey.jpg,bathroom,users/antonio/static_sun_database/b/bathroom,177,0.873563218390805,n,n,i,no,high,1
sun_aipcsbygnwwfcwxz.jpg,bathroom,users/antonio/static_sun_database/b/bathroom,286,0.873417721518987,n,n,i,no,high,2
sun_ajoxyowepmnjeacj.jpg,bathroom,users/antonio/static_sun_database/b/bathroom,322,0.619047619047619,n,n,i,no,medium,1
sun_adqdtdtzyjgjyhaa.jpg,bathroom,users/antonio/static_sun_database/b/bathroom,127,0.607142857142857,n,n,i,no,medium,2
sun_acsximawktgupevi.jpg,bathroom,users/antonio/static_sun_database/b/bathroom,97,0.623376623376623,n,n,i,no,medium,1
sun_adququhqijofxndk.jpg,bathroom,users/antonio/static_sun_database/b/bathroom,128,0.627906976744186,n,n,i,no,medium,2
sun_aqeqqiplaabqbfnz.jpg,bathroom,users/antonio/static_sun_database/b/bathroom,546,0.662337662337662,n,n,i,no,medium,1
sun_aomglhmnhjvlfpui.jpg,bathroom,users/antonio/static_sun_database/b/bathroom,486,0.602564102564103,n,n,i,no,medium,2
sun_amlqylelghrcfups.jpg,bathroom,users/antonio/static_sun_database/b/bathroom,420,0.692307692307692,n,n,i,no,medium,1
sun_apulmbkqgqennfok.jpg,bathroom,users/antonio/static_sun_database/b/bathroom,533,0.619047619047619,n,n,i,no,medium,2
sun_acsgbuurtwghzjel.jpg,bathroom,users/antonio/static_sun_database/b/bathroom,95,0.55,n,n,i,no,low,1
sun_aanjcbzdvtvblsdy.jpg,bathroom,users/antonio/static_sun_database/b/bathroom,13,0.546666666666667,n,n,i,no,low,2
sun_avvgscngjrzngedv.jpg,bathroom,users/antonio/static_sun_database/b/bathroom,756,0.506172839506173,n,n,i,no,low,1
sun_aeuoutufodsfuimp.jpg,bathroom,users/antonio/static_sun_database/b/bathroom,162,0.493975903614458,n,n,i,no,low,2
sun_aaiqbxiwgpekxqsm.jpg,bathroom,users/antonio/static_sun_database/b/bathroom,6,0.493827160493827,n,n,i,no,low,1
sun_axflanrhnqcdydov.jpg,bathroom,users/antonio/static_sun_database/b/bathroom,800,0.486111111111111,n,n,i,no,low,2
sun_awkzigqkktvgtbxy.jpg,bathroom,users/antonio/static_sun_database/b/bathroom,770,0.451219512195122,n,n,i,no,low,1
sun_aswpqkoouncqmyig.jpg,bathroom,users/antonio/static_sun_database/b/bathroom,647,0.428571428571429,n,n,i,no,low,2
sun_asgtjonircfthwnx.jpg,bedroom,users/antonio/static_sun_database/b/bedroom,623,0.907692307692308,n,n,i,no,high,1
sun_avqmqjeoiyldkkhm.jpg,bedroom,users/antonio/static_sun_database/b/bedroom,750,0.890243902439024,n,n,i,no,high,2
sun_ajkrcdstxmkfhxid.jpg,bedroom,users/antonio/static_sun_database/b/bedroom,317,0.878048780487805,n,n,i,no,high,1
sun_aubipnhwkkiwmnav.jpg,bedroom,users/antonio/static_sun_database/b/bedroom,684,0.848101265822785,n,n,i,no,high,2
sun_aplwocfabmhusnwh.jpg,bedroom,users/antonio/static_sun_database/b/bedroom,519,0.84,n,n,i,no,high,1
sun_avyzghprojvrwcxh.jpg,bedroom,users/antonio/static_sun_database/b/bedroom,759,0.838235294117647,n,n,i,no,high,2
sun_ahqumfxtsypzisnh.jpg,bedroom,users/antonio/static_sun_database/b/bedroom,260,0.835443037974684,n,n,i,no,high,1
sun_arfgcmympxlbwoyh.jpg,bedroom,users/antonio/static_sun_database/b/bedroom,585,0.833333333333333,n,n,i,no,high,2
sun_akuhjyqagvkhjipl.jpg,bedroom,users/antonio/static_sun_database/b/bedroom,362,0.567164179104478,n,n,i,no,medium,1
sun_avsvgqcjcvfikvzv.jpg,bedroom,users/antonio/static_sun_database/b/bedroom,753,0.671052631578947,n,n,i,no,medium,2
sun_aemtxvkmowlcrlqk.jpg,bedroom,users/antonio/static_sun_database/b/bedroom,153,0.647058823529412,n,n,i,no,medium,1
sun_aywkksrozogzytsv.jpg,bedroom,users/antonio/static_sun_database/b/bedroom,858,0.576923076923077,n,n,i,no,medium,2
sun_anecotizaoyryhrv.jpg,bedroom,users/antonio/static_sun_database/b/bedroom,444,0.583333333333333,n,n,i,no,medium,1
sun_aoivpxgcgyfprour.jpg,bedroom,users/antonio/static_sun_database/b/bedroom,480,0.697368421052632,n,n,i,no,medium,2
sun_awkiznqlqguzxizg.jpg,bedroom,users/antonio/static_sun_database/b/bedroom,769,0.641791044776119,n,n,i,no,medium,1
sun_astvrdmzjytrlgyi.jpg,bedroom,users/antonio/static_sun_database/b/bedroom,639,0.666666666666667,n,n,i,no,medium,2
sun_aczvfkivaekpfpsr.jpg,bedroom,users/antonio/static_sun_database/b/bedroom,106,0.5,n,n,i,no,low,1
sun_afaszflkpeudylof.jpg,bedroom,users/antonio/static_sun_database/b/bedroom,170,0.5,n,n,i,no,low,2
sun_azeldywmzoxyniqq.jpg,bedroom,users/antonio/static_sun_database/b/bedroom,865,0.49438202247191,n,n,i,no,low,1
sun_atapdidnxczyweoj.jpg,bedroom,users/antonio/static_sun_database/b/bedroom,656,0.493827160493827,n,n,i,no,low,2
sun_asqxlzciryetszuk.jpg,bedroom,users/antonio/static_sun_database/b/bedroom,633,0.48,n,n,i,no,low,1
sun_aiwakokoyccrzpsj.jpg,bedroom,users/antonio/static_sun_database/b/bedroom,294,0.469135802469136,n,n,i,no,low,2
sun_anpyypuqqegelypt.jpg,bedroom,users/antonio/static_sun_database/b/bedroom,458,0.452054794520548,n,n,i,no,low,1
sun_aeszexqhaaojziht.jpg,bedroom,users/antonio/static_sun_database/b/bedroom,159,0.426829268292683,n,n,i,no,low,2
sun_blyujpedpmggosnj.jpg,dining_room,users/antonio/static_sun_database/d/dining_room,1314,0.786516853932584,n,n,i,no,high,1
sun_brknwnzwrdmobiph.jpg,dining_room,users/antonio/static_sun_database/d/dining_room,1472,0.766233766233766,n,n,i,no,high,2
sun_balxmkiwkfzgznon.jpg,dining_room,users/antonio/static_sun_database/d/dining_room,909,0.755813953488372,n,n,i,no,high,1
sun_brgarapyicwyxaty.jpg,dining_room,users/antonio/static_sun_database/d/dining_room,1467,0.740740740740741,n,n,i,no,high,2
sun_bbmtcimbtduoruwl.jpg,dining_room,users/antonio/static_sun_database/d/dining_room,947,0.726190476190476,n,n,i,no,high,1
sun_bufxdtifvxjyauqp.jpg,dining_room,users/antonio/static_sun_database/d/dining_room,1561,0.72,n,n,i,no,high,2
sun_bgaycsbwygxtldcc.jpg,dining_room,users/antonio/static_sun_database/d/dining_room,1107,0.714285714285714,n,n,i,no,high,1
sun_bnfdukjeidwtvzpb.jpg,dining_room,users/antonio/static_sun_database/d/dining_room,1353,0.71264367816092,n,n,i,no,high,2
sun_bpbbuogftaazbqjd.jpg,dining_room,users/antonio/static_sun_database/d/dining_room,1399,0.595238095238095,n,n,i,no,medium,1
sun_bhjtedtsvenogdhp.jpg,dining_room,users/antonio/static_sun_database/d/dining_room,1161,0.551282051282051,n,n,i,no,medium,2
sun_becrzqbttylkmgmc.jpg,dining_room,users/antonio/static_sun_database/d/dining_room,1034,0.594936708860759,n,n,i,no,medium,1
sun_bowyicudzkvplmff.jpg,dining_room,users/antonio/static_sun_database/d/dining_room,1395,0.644736842105263,n,n,i,no,medium,2
sun_asvredwvcmoyjieg.jpg,dining_room,users/antonio/static_sun_database/d/dining_room,645,0.557142857142857,n,n,i,no,medium,1
sun_bflquiygytekqqqg.jpg,dining_room,users/antonio/static_sun_database/d/dining_room,1080,0.632183908045977,n,n,i,no,medium,2
sun_bxaccdkjhhhigvtp.jpg,dining_room,users/antonio/static_sun_database/d/dining_room,1647,0.616438356164384,n,n,i,no,medium,1
sun_adsloibsvakpcwfm.jpg,dining_room,users/antonio/static_sun_database/d/dining_room,129,0.5625,n,n,i,no,medium,2
sun_bvhwyxhacrywjbui.jpg,dining_room,users/antonio/static_sun_database/d/dining_room,1596,0.40625,n,n,i,no,low,1
sun_bnzcxnlfwzxvjyrw.jpg,dining_room,users/antonio/static_sun_database/d/dining_room,1375,0.4,n,n,i,no,low,2
sun_bvzqkssfkcuaoqmc.jpg,dining_room,users/antonio/static_sun_database/d/dining_room,1618,0.397260273972603,n,n,i,no,low,1
sun_bqnoxsnxtqllgkkg.jpg,dining_room,users/antonio/static_sun_database/d/dining_room,1447,0.3875,n,n,i,no,low,2
sun_baqkyjtldqtmfdzt.jpg,dining_room,users/antonio/static_sun_database/d/dining_room,914,0.385714285714286,n,n,i,no,low,1
sun_bqrpscpndocgwdkz.jpg,dining_room,users/antonio/static_sun_database/d/dining_room,1451,0.371794871794872,n,n,i,no,low,2
sun_bsdjvetvscjlwrrk.jpg,dining_room,users/antonio/static_sun_database/d/dining_room,1503,0.367088607594937,n,n,i,no,low,1
sun_blyypyotuwnfoila.jpg,dining_room,users/antonio/static_sun_database/d/dining_room,1315,0.333333333333333,n,n,i,no,low,2
sun_amrzjugrfoydgxhd.jpg,golf_course,users/antonio/static_sun_database/g/golf_course,426,0.854838709677419,n,n,o,no,high,1
sun_axrmurqthjdbweby.jpg,golf_course,users/antonio/static_sun_database/g/golf_course,814,0.852459016393443,n,n,o,no,high,2
sun_bgyqssgfposobmvt.jpg,golf_course,users/antonio/static_sun_database/g/golf_course,1149,0.763888888888889,n,n,o,no,high,1
sun_buujsowolyyukmft.jpg,golf_course,users/antonio/static_sun_database/g/golf_course,1583,0.758064516129032,n,n,o,no,high,2
sun_auhggbbgdgmtvszo.jpg,golf_course,users/antonio/static_sun_database/g/golf_course,696,0.75,n,n,o,no,high,1
sun_bacrdoylchxynnwy.jpg,golf_course,users/antonio/static_sun_database/g/golf_course,892,0.741176470588235,n,n,o,no,high,2
sun_abauvuqxzsxdgtsx.jpg,golf_course,users/antonio/static_sun_database/g/golf_course,40,0.73134328358209,n,n,o,no,high,1
sun_ahphmnxxnwuclnfb.jpg,golf_course,users/antonio/static_sun_database/g/golf_course,255,0.728571428571429,n,n,o,no,high,2
sun_amtnhoeymsbotabs.jpg,golf_course,users/antonio/static_sun_database/g/golf_course,430,0.686746987951807,n,n,o,no,medium,1
sun_ajoobuvknzvshwzw.jpg,golf_course,users/antonio/static_sun_database/g/golf_course,321,0.606741573033708,n,n,o,no,medium,2
sun_aljophkbqeqvcdgx.jpg,golf_course,users/antonio/static_sun_database/g/golf_course,386,0.582278481012658,n,n,o,no,medium,1
sun_atvttihupkekrxgr.jpg,golf_course,users/antonio/static_sun_database/g/golf_course,675,0.571428571428571,n,n,o,no,medium,2
sun_bwqramhefbeqtzom.jpg,golf_course,users/antonio/static_sun_database/g/golf_course,1635,0.630769230769231,n,n,o,no,medium,1
sun_aeexmpppqflyfmjn.jpg,golf_course,users/antonio/static_sun_database/g/golf_course,140,0.694444444444444,n,n,o,no,medium,2
sun_aokgqlnxzonxwzlk.jpg,golf_course,users/antonio/static_sun_database/g/golf_course,483,0.689189189189189,n,n,o,no,medium,1
sun_ayhgdgzavmzwyitj.jpg,golf_course,users/antonio/static_sun_database/g/golf_course,837,0.614285714285714,n,n,o,no,medium,2
sun_alrznsjlzdkyoioa.jpg,golf_course,users/antonio/static_sun_database/g/golf_course,401,0.385714285714286,n,n,o,no,low,1
sun_ahlfddloqfpagejm.jpg,golf_course,users/antonio/static_sun_database/g/golf_course,249,0.358974358974359,n,n,o,no,low,2
sun_akqesljoypfqyjdc.jpg,golf_course,users/antonio/static_sun_database/g/golf_course,360,0.333333333333333,n,n,o,no,low,1
sun_alshfwudkoqnqype.jpg,golf_course,users/antonio/static_sun_database/g/golf_course,403,0.333333333333333,n,n,o,no,low,2
sun_bpcghwatvqbjulxy.jpg,golf_course,users/antonio/static_sun_database/g/golf_course,1400,0.309859154929577,n,n,o,no,low,1
sun_aqhdakwaodlhqhdl.jpg,golf_course,users/antonio/static_sun_database/g/golf_course,550,0.296875,n,n,o,no,low,2
sun_agwogizmdwmzeeta.jpg,golf_course,users/antonio/static_sun_database/g/golf_course,233,0.280487804878049,n,n,o,no,low,1
sun_azregxypmjjevjem.jpg,golf_course,users/antonio/static_sun_database/g/golf_course,876,0.206349206349206,n,n,o,no,low,2
sun_bwbdnqwzjqjvwodk.jpg,highway,users/antonio/static_sun_database/h/highway,1620,0.793650793650794,n,n,o,no,high,1
sun_bbpcfnnrjpqqaytl.jpg,highway,users/antonio/static_sun_database/h/highway,953,0.786666666666667,n,n,o,no,high,2
sun_bxfzvcqzqoribhkz.jpg,highway,users/antonio/static_sun_database/h/highway,1653,0.779411764705882,n,n,o,no,high,1
sun_btsggcxcsjhcakfs.jpg,highway,users/antonio/static_sun_database/h/highway,1545,0.772727272727273,n,n,o,no,high,2
sun_bwojhutovsywaapp.jpg,highway,users/antonio/static_sun_database/h/highway,1634,0.770491803278688,n,n,o,no,high,1
sun_afmmsjnzfaijwekd.jpg,highway,users/antonio/static_sun_database/h/highway,183,0.769230769230769,n,n,o,no,high,2
sun_bahbelqhmdpyqzlj.jpg,highway,users/antonio/static_sun_database/h/highway,904,0.758064516129032,n,n,o,no,high,1
sun_bjvsukulugjsocax.jpg,highway,users/antonio/static_sun_database/h/highway,1245,0.739130434782609,n,n,o,no,high,2
sun_bxizfflrazsaijap.jpg,highway,users/antonio/static_sun_database/h/highway,1658,0.621212121212121,n,n,o,no,medium,1
sun_bckdoczbyyhytoxk.jpg,highway,users/antonio/static_sun_database/h/highway,984,0.614457831325301,n,n,o,no,medium,2
sun_brhayiyxozkhqnug.jpg,highway,users/antonio/static_sun_database/h/highway,1468,0.611940298507463,n,n,o,no,medium,1
sun_bxruixhqagquawzz.jpg,highway,users/antonio/static_sun_database/h/highway,1671,0.611764705882353,n,n,o,no,medium,2
sun_alyofsliwawaxial.jpg,highway,users/antonio/static_sun_database/h/highway,408,0.61038961038961,n,n,o,no,medium,1
sun_ailjxpgyepocjdos.jpg,highway,users/antonio/static_sun_database/h/highway,279,0.6,n,n,o,no,medium,2
sun_afsiwyxkqzjqptpd.jpg,highway,users/antonio/static_sun_database/h/highway,188,0.594202898550725,n,n,o,no,medium,1
sun_bqonbgcfwewtfqds.jpg,highway,users/antonio/static_sun_database/h/highway,1448,0.558823529411765,n,n,o,no,medium,2
sun_agomgxrzyzlgerdg.jpg,highway,users/antonio/static_sun_database/h/highway,216,0.536231884057971,n,n,o,no,low,1
sun_aeiqdwbssdzmbqec.jpg,highway,users/antonio/static_sun_database/h/highway,146,0.506849315068493,n,n,o,no,low,2
sun_azlzqkqfwawmonwc.jpg,highway,users/antonio/static_sun_database/h/highway,870,0.5,n,n,o,no,low,1
sun_baxahfrqnlwlqxkr.jpg,highway,users/antonio/static_sun_database/h/highway,927,0.5,n,n,o,no,low,2
sun_bfrcopdgkmalbxxv.jpg,highway,users/antonio/static_sun_database/h/highway,1092,0.467741935483871,n,n,o,no,low,1
sun_asgydvsjaqgecvqo.jpg,highway,users/antonio/static_sun_database/h/highway,624,0.416666666666667,n,n,o,no,low,2
sun_bdwgezrbolobluib.jpg,highway,users/antonio/static_sun_database/h/highway,1029,0.38961038961039,n,n,o,no,low,1
sun_bmloawfqyzzgnvyb.jpg,highway,users/antonio/static_sun_database/h/highway,1327,0.367647058823529,n,n,o,no,low,2
sun_akndyxefbqzbqsqy.jpg,kitchen,users/antonio/static_sun_database/k/kitchen,358,0.857142857142857,n,n,i,no,high,1
sun_anzbjguxdgpobefx.jpg,kitchen,users/antonio/static_sun_database/k/kitchen,466,0.845070422535211,n,n,i,no,high,2
sun_acvfpwuanalbvjax.jpg,kitchen,users/antonio/static_sun_database/k/kitchen,101,0.838235294117647,n,n,i,no,high,1
sun_ajsmhdhzrfaanynl.jpg,kitchen,users/antonio/static_sun_database/k/kitchen,330,0.826086956521739,n,n,i,no,high,2
sun_aesgvyjjesleubcl.jpg,kitchen,users/antonio/static_sun_database/k/kitchen,155,0.824324324324324,n,n,i,no,high,1
sun_azhdevaibilykmgu.jpg,kitchen,users/antonio/static_sun_database/k/kitchen,866,0.815384615384615,n,n,i,no,high,2
sun_aqkxfqpdzqqjublm.jpg,kitchen,users/antonio/static_sun_database/k/kitchen,555,0.810126582278481,n,n,i,no,high,1
sun_apivfqbmmscioozr.jpg,kitchen,users/antonio/static_sun_database/k/kitchen,515,0.807692307692308,n,n,i,no,high,2
sun_abwkecxdrvamjxlk.jpg,kitchen,users/antonio/static_sun_database/k/kitchen,72,0.666666666666667,n,n,i,no,medium,1
sun_ajjktnfzwntvwsfh.jpg,kitchen,users/antonio/static_sun_database/k/kitchen,316,0.681818181818182,n,n,i,no,medium,2
sun_aelpnoofufvvqqhf.jpg,kitchen,users/antonio/static_sun_database/k/kitchen,151,0.621621621621622,n,n,i,no,medium,1
sun_aubehthmwgfqgrxl.jpg,kitchen,users/antonio/static_sun_database/k/kitchen,683,0.564102564102564,n,n,i,no,medium,2
sun_aohqvhrlwvbexvnk.jpg,kitchen,users/antonio/static_sun_database/k/kitchen,478,0.63768115942029,n,n,i,no,medium,1
sun_afdefsrtlbtfdhxq.jpg,kitchen,users/antonio/static_sun_database/k/kitchen,172,0.569444444444444,n,n,i,no,medium,2
sun_apeekzkajfswlykn.jpg,kitchen,users/antonio/static_sun_database/k/kitchen,510,0.661764705882353,n,n,i,no,medium,1
sun_aszofvjvisonzolt.jpg,kitchen,users/antonio/static_sun_database/k/kitchen,654,0.615384615384615,n,n,i,no,medium,2
sun_agvzntnnphsuqbmn.jpg,kitchen,users/antonio/static_sun_database/k/kitchen,232,0.507692307692308,n,n,i,no,low,1
sun_alnurdgpqodhpawt.jpg,kitchen,users/antonio/static_sun_database/k/kitchen,394,0.5,n,n,i,no,low,2
sun_aufbguyyrccwwxuf.jpg,kitchen,users/antonio/static_sun_database/k/kitchen,692,0.479452054794521,n,n,i,no,low,1
sun_agqborhpkvvwbvfl.jpg,kitchen,users/antonio/static_sun_database/k/kitchen,220,0.430769230769231,n,n,i,no,low,2
sun_akxcpkquuuxdiqwv.jpg,kitchen,users/antonio/static_sun_database/k/kitchen,369,0.407894736842105,n,n,i,no,low,1
sun_ahlifjixdpvtzxbh.jpg,kitchen,users/antonio/static_sun_database/k/kitchen,250,0.392405063291139,n,n,i,no,low,2
sun_anjgzxqwccbiozsw.jpg,kitchen,users/antonio/static_sun_database/k/kitchen,451,0.388888888888889,n,n,i,no,low,1
sun_akchetnepxlcxhsu.jpg,kitchen,users/antonio/static_sun_database/k/kitchen,345,0.382022471910112,n,n,i,no,low,2
sun_btgprjecbvcbbmir.jpg,living_room,users/antonio/static_sun_database/l/living_room,1531,0.830985915492958,n,n,i,no,high,1
sun_azuyiwoejycfgxif.jpg,living_room,users/antonio/static_sun_database/l/living_room,880,0.79746835443038,n,n,i,no,high,2
sun_bucertsbpntzdgea.jpg,living_room,users/antonio/static_sun_database/l/living_room,1560,0.791666666666667,n,n,i,no,high,1
sun_bndbkdzixliunlbz.jpg,living_room,users/antonio/static_sun_database/l/living_room,1350,0.767123287671233,n,n,i,no,high,2
sun_bfhvvwgvxxjrctil.jpg,living_room,users/antonio/static_sun_database/l/living_room,1074,0.764705882352941,n,n,i,no,high,1
sun_bjdftnlhsazvmjuy.jpg,living_room,users/antonio/static_sun_database/l/living_room,1219,0.759493670886076,n,n,i,no,high,2
sun_buqhudkagyzwriny.jpg,living_room,users/antonio/static_sun_database/l/living_room,1575,0.75609756097561,n,n,i,no,high,1
sun_bnpoflidwifjpkwt.jpg,living_room,users/antonio/static_sun_database/l/living_room,1362,0.746987951807229,n,n,i,no,high,2
sun_bqseawrlqcqqhvmz.jpg,living_room,users/antonio/static_sun_database/l/living_room,1453,0.565217391304348,n,n,i,no,medium,1
sun_brydbnhmdckuhfuc.jpg,living_room,users/antonio/static_sun_database/l/living_room,1491,0.558823529411765,n,n,i,no,medium,2
sun_beyiaxemhyjtpcmo.jpg,living_room,users/antonio/static_sun_database/l/living_room,1064,0.585714285714286,n,y,i,no,medium,1
sun_biykzjtenhddsxdc.jpg,living_room,users/antonio/static_sun_database/l/living_room,1213,0.653846153846154,n,n,i,no,medium,2
sun_bthcwkgnrrlojmek.jpg,living_room,users/antonio/static_sun_database/l/living_room,1532,0.585365853658537,n,n,i,no,medium,1
sun_aiplotqctietyzng.jpg,living_room,users/antonio/static_sun_database/l/living_room,287,0.567901234567901,n,n,i,no,medium,2
sun_bzrscnagpsrvjxog.jpg,living_room,users/antonio/static_sun_database/l/living_room,1739,0.550724637681159,n,n,i,no,medium,1
sun_bpwitdjuouxtqeya.jpg,living_room,users/antonio/static_sun_database/l/living_room,1426,0.651162790697674,n,n,i,no,medium,2
sun_bhuxcsblqdutopye.jpg,living_room,users/antonio/static_sun_database/l/living_room,1178,0.424657534246575,n,n,i,no,low,1
sun_bzltrdpzlprlkxlq.jpg,living_room,users/antonio/static_sun_database/l/living_room,1725,0.405797101449275,n,n,i,no,low,2
sun_bzlplsjcywauilbc.jpg,living_room,users/antonio/static_sun_database/l/living_room,1724,0.397435897435897,n,n,i,no,low,1
sun_bfrshcqxwctwtokz.jpg,living_room,users/antonio/static_sun_database/l/living_room,1094,0.386363636363636,n,n,i,no,low,2
sun_bgpysxgkeqxnuemb.jpg,living_room,users/antonio/static_sun_database/l/living_room,1134,0.381578947368421,n,n,i,no,low,1
sun_bzucbvqicqxxkcqb.jpg,living_room,users/antonio/static_sun_database/l/living_room,1741,0.352112676056338,n,n,i,no,low,2
sun_brsdkexwimqtmrcz.jpg,living_room,users/antonio/static_sun_database/l/living_room,1480,0.351351351351351,n,n,i,no,low,1
sun_bilonbbxhmwsssef.jpg,living_room,users/antonio/static_sun_database/l/living_room,1198,0.2875,n,n,i,no,low,2
sun_bkstvxwocpozpqrf.jpg,skyscraper,users/antonio/static_sun_database/s/skyscraper,1267,0.926470588235294,n,n,o,no,high,1
sun_bsagyjjhnckuhqvz.jpg,skyscraper,users/antonio/static_sun_database/s/skyscraper,1495,0.89010989010989,n,n,o,no,high,2
sun_bzgrwveadnoqplvs.jpg,skyscraper,users/antonio/static_sun_database/s/skyscraper,1719,0.878048780487805,n,n,o,no,high,1
sun_bqjzgmttjagpamzt.jpg,skyscraper,users/antonio/static_sun_database/s/skyscraper,1441,0.852941176470588,n,n,o,no,high,2
sun_bqyuletrvbhipiip.jpg,skyscraper,users/antonio/static_sun_database/s/skyscraper,1460,0.845070422535211,n,n,o,no,high,1
sun_bxktamwuzzcyvvbr.jpg,skyscraper,users/antonio/static_sun_database/s/skyscraper,1659,0.839506172839506,n,n,o,no,high,2
sun_btbgbufpjsyjakms.jpg,skyscraper,users/antonio/static_sun_database/s/skyscraper,1528,0.835616438356164,n,n,o,no,high,1
sun_byvbdehaozoefkow.jpg,skyscraper,users/antonio/static_sun_database/s/skyscraper,1701,0.821917808219178,n,n,o,no,high,2
sun_bqjwuideauyyfyad.jpg,skyscraper,users/antonio/static_sun_database/s/skyscraper,1440,0.649350649350649,n,n,o,no,medium,1
sun_bvzizycgbeghlfci.jpg,skyscraper,users/antonio/static_sun_database/s/skyscraper,1617,0.653333333333333,n,n,o,no,medium,2
sun_bzqnwbjyvhmotvcu.jpg,skyscraper,users/antonio/static_sun_database/s/skyscraper,1736,0.693548387096774,n,n,o,no,medium,1
sun_bwcpryajaazjjgfq.jpg,skyscraper,users/antonio/static_sun_database/s/skyscraper,1621,0.606060606060606,n,n,o,no,medium,2
sun_bebpnsxwaiexxztj.jpg,skyscraper,users/antonio/static_sun_database/s/skyscraper,1033,0.597402597402597,n,n,o,no,medium,1
sun_bndzbpsijeyzpbcu.jpg,skyscraper,users/antonio/static_sun_database/s/skyscraper,1351,0.643835616438356,n,n,o,no,medium,2
sun_arynakkxxuoxuxza.jpg,skyscraper,users/antonio/static_sun_database/s/skyscraper,613,0.55952380952381,n,n,o,no,medium,1
sun_bouyyrtkaekbntgm.jpg,skyscraper,users/antonio/static_sun_database/s/skyscraper,1391,0.550724637681159,n,n,o,no,medium,2
sun_btkjvzkflmmaqhgn.jpg,skyscraper,users/antonio/static_sun_database/s/skyscraper,1537,0.523809523809524,n,n,o,no,low,1
sun_bbuizyudrdtwknpa.jpg,skyscraper,users/antonio/static_sun_database/s/skyscraper,961,0.507936507936508,n,n,o,no,low,2
sun_bsjsjanotbmolvgq.jpg,skyscraper,users/antonio/static_sun_database/s/skyscraper,1507,0.5,n,n,o,no,low,1
sun_bwqutrxvixryrlwg.jpg,skyscraper,users/antonio/static_sun_database/s/skyscraper,1636,0.493150684931507,n,n,o,no,low,2
sun_bvcdcqtuostypbbu.jpg,skyscraper,users/antonio/static_sun_database/s/skyscraper,1591,0.455696202531646,n,n,o,no,low,1
sun_byfzluhxgopuklwm.jpg,skyscraper,users/antonio/static_sun_database/s/skyscraper,1686,0.428571428571429,n,n,o,no,low,2
sun_btjevcvrxjpeyoxz.jpg,skyscraper,users/antonio/static_sun_database/s/skyscraper,1534,0.329268292682927,n,n,o,no,low,1
sun_bukzvwbkvedjexbe.jpg,skyscraper,users/antonio/static_sun_database/s/skyscraper,1570,0.258064516129032,n,n,o,no,low,2
sun_acjckzlqzrxchaza.jpg,tower,users/antonio/static_sun_database/t/tower,84,0.852941176470588,n,n,o,no,high,1
sun_abhbbcngqrtquupy.jpg,tower,users/antonio/static_sun_database/t/tower,52,0.837837837837838,n,n,o,no,high,2
sun_bkbshnygycozvpox.jpg,tower,users/antonio/static_sun_database/t/tower,1252,0.821917808219178,n,n,o,no,high,1
sun_bisgzyltcoebxsjq.jpg,tower,users/antonio/static_sun_database/t/tower,1206,0.802469135802469,n,n,o,no,high,2
sun_bltefogujcrulslk.jpg,tower,users/antonio/static_sun_database/t/tower,1300,0.8,n,n,o,no,high,1
sun_azynlosmnufrooxb.jpg,tower,users/antonio/static_sun_database/t/tower,887,0.786666666666667,n,n,o,no,high,2
sun_acblkvxbnfxclplc.jpg,tower,users/antonio/static_sun_database/t/tower,78,0.768115942028985,n,n,o,no,high,1
sun_arfguvosfnlfxpgu.jpg,tower,users/antonio/static_sun_database/t/tower,586,0.75,n,n,o,no,high,2
sun_bycftifiydexppij.jpg,tower,users/antonio/static_sun_database/t/tower,1685,0.666666666666667,n,n,o,no,medium,1
sun_almsahmqwnywmmmw.jpg,tower,users/antonio/static_sun_database/t/tower,393,0.602272727272727,n,n,o,no,medium,2
sun_acsidxncfmzcpgad.jpg,tower,users/antonio/static_sun_database/t/tower,96,0.582089552238806,n,n,o,no,medium,1
sun_aftehnxcknplaisj.jpg,tower,users/antonio/static_sun_database/t/tower,190,0.641975308641975,n,n,o,no,medium,2
sun_aquvrjzdrxbbtzec.jpg,tower,users/antonio/static_sun_database/t/tower,567,0.652173913043478,n,n,o,no,medium,1
sun_aykfaenvmnetfrgw.jpg,tower,users/antonio/static_sun_database/t/tower,842,0.67948717948718,n,n,o,no,medium,2
sun_aomxycgzifpzzehy.jpg,tower,users/antonio/static_sun_database/t/tower,487,0.658536585365854,n,n,o,no,medium,1
sun_awmqmecaemxnceea.jpg,tower,users/antonio/static_sun_database/t/tower,773,0.555555555555556,n,n,o,no,medium,2
sun_aljvvarbzchpbtqt.jpg,tower,users/antonio/static_sun_database/t/tower,387,0.545454545454545,n,n,o,no,low,1
sun_bienldqmavixgxxd.jpg,tower,users/antonio/static_sun_database/t/tower,1190,0.53125,n,n,o,no,low,2
sun_ahzcupnlcleydwhg.jpg,tower,users/antonio/static_sun_database/t/tower,265,0.52,n,n,o,no,low,1
sun_amssqaxrfmufhwxv.jpg,tower,users/antonio/static_sun_database/t/tower,428,0.493333333333333,n,n,o,no,low,2
sun_atgufxwiqhkctxbj.jpg,tower,users/antonio/static_sun_database/t/tower,664,0.48780487804878,n,n,o,no,low,1
sun_ahmlukjuxwuinhlt.jpg,tower,users/antonio/static_sun_database/t/tower,251,0.479452054794521,n,n,o,no,low,2
sun_aywhxcvpafxkujrj.jpg,tower,users/antonio/static_sun_database/t/tower,857,0.473684210526316,n,n,o,no,low,1
sun_bgjfrzxxrxbedmfw.jpg,tower,users/antonio/static_sun_database/t/tower,1124,0.470588235294118,n,n,o,no,low,2
